ray_idx,hit_count,hit_ratio,rmse_hit,angle_mean_deg_hit,cos_mean_hit
0,474,0.053863637149333954,0.34561261534690857,56.02923583984375,0.5206292867660522
1,446,0.05068181827664375,0.3535842299461365,61.09254837036133,0.4507858455181122
2,509,0.05784090980887413,0.29803499579429626,63.81367492675781,0.4087590277194977
3,465,0.052840910851955414,0.3029632866382599,56.14847946166992,0.5137023329734802
4,334,0.03795454651117325,0.24477675557136536,57.93673324584961,0.49149203300476074
5,550,0.0625,0.33792856335639954,59.659019470214844,0.4704757332801819
6,479,0.054431818425655365,0.3263770043849945,61.14822006225586,0.4466969668865204
7,419,0.047613635659217834,0.3702045679092407,57.13480758666992,0.49643945693969727
8,489,0.05556818097829819,0.4125335216522217,55.37049102783203,0.523350715637207
9,267,0.030340909957885742,0.29310184717178345,58.41676712036133,0.4861895442008972
10,622,0.07068181782960892,0.2854749858379364,55.46483612060547,0.5210292339324951
11,435,0.04943181946873665,0.3451400399208069,57.27510452270508,0.5057517290115356
12,240,0.027272727340459824,0.29852283000946045,56.752925872802734,0.5154226422309875
13,536,0.06090909242630005,0.38530951738357544,60.824668884277344,0.4512220621109009
14,466,0.052954547107219696,0.334143728017807,57.72642517089844,0.4904092252254486
15,527,0.05988636240363121,0.26481443643569946,56.635379791259766,0.5077905058860779
16,481,0.05465909093618393,0.38587021827697754,55.638587951660156,0.5174630880355835
17,206,0.02340909093618393,0.26253601908683777,59.806095123291016,0.4646586775779724
18,677,0.07693181931972504,0.29266130924224854,56.69437789916992,0.5136958360671997
19,414,0.04704545438289642,0.3853060007095337,56.82411193847656,0.5063691139221191
20,435,0.04943181946873665,0.29536375403404236,53.51088333129883,0.5435726046562195
21,551,0.06261363625526428,0.3948909342288971,54.752986907958984,0.5299888849258423
22,221,0.025113636627793312,0.29030343890190125,58.8580322265625,0.48435086011886597
23,675,0.07670454680919647,0.3387005627155304,56.515525817871094,0.5181904435157776
24,461,0.052386362105607986,0.3336696922779083,56.13413619995117,0.5172715783119202
25,211,0.02397727221250534,0.24299177527427673,63.55180358886719,0.4230371415615082
26,598,0.06795454770326614,0.29415661096572876,53.70058059692383,0.5394583940505981
27,445,0.05056818202137947,0.31081661581993103,54.529396057128906,0.5241615176200867
28,594,0.06750000268220901,0.3242623805999756,59.10179138183594,0.47541800141334534
29,506,0.057500001043081284,0.32900288701057434,53.0340690612793,0.551582396030426
30,221,0.025113636627793312,0.2941139042377472,63.10599136352539,0.42211371660232544
31,749,0.08511363714933395,0.28623121976852417,58.95393753051758,0.4769512116909027
32,433,0.049204546958208084,0.38775938749313354,60.70861053466797,0.4542539715766907
33,229,0.02602272666990757,0.29428672790527344,56.998756408691406,0.5078224539756775
34,611,0.06943181902170181,0.3183877170085907,58.87633514404297,0.47664570808410645
35,461,0.052386362105607986,0.33831408619880676,59.60969161987305,0.458551824092865
36,680,0.07727272808551788,0.2889038026332855,57.513641357421875,0.49850162863731384
37,467,0.05306818336248398,0.37814095616340637,58.71173095703125,0.4814581573009491
38,216,0.0245454553514719,0.3418702185153961,54.93206024169922,0.5305008292198181
39,629,0.07147727161645889,0.2833755612373352,55.13075637817383,0.5285982489585876
40,415,0.047159090638160706,0.3411882817745209,55.9244270324707,0.5182023644447327
41,547,0.06215909123420715,0.27765586972236633,55.96292495727539,0.5159199237823486
42,557,0.06329545378684998,0.3856828808784485,56.530555725097656,0.5088561177253723
43,226,0.025681817904114723,0.2613018751144409,55.501163482666016,0.5238144993782043
44,806,0.09159091114997864,0.3311742842197418,61.5067253112793,0.4477190673351288
45,462,0.05249999836087227,0.38981688022613525,55.82246780395508,0.518329381942749
46,228,0.025909090414643288,0.3089258074760437,57.1788215637207,0.49985042214393616
47,588,0.06681818515062332,0.2909347712993622,56.757389068603516,0.4984361231327057
48,470,0.053409092128276825,0.3457728624343872,58.69162368774414,0.4844178557395935
49,676,0.07681818306446075,0.2917686402797699,57.6364631652832,0.49067422747612
50,537,0.06102272868156433,0.3587597608566284,61.565162658691406,0.4430224895477295
51,238,0.02704545482993126,0.2991117238998413,55.03212356567383,0.5261883735656738
52,755,0.08579545468091965,0.3110094666481018,53.968719482421875,0.5422563552856445
53,443,0.050340909510850906,0.37265992164611816,54.14393997192383,0.5358147621154785
54,456,0.051818180829286575,0.2990734577178955,55.59137725830078,0.525360107421875
55,599,0.06806818395853043,0.34121251106262207,54.09901428222656,0.5440609455108643
56,253,0.028750000521540642,0.40884172916412354,62.20380401611328,0.43659165501594543
57,788,0.08954545110464096,0.31119605898857117,54.94053268432617,0.5372748374938965
58,499,0.05670454725623131,0.364664763212204,59.04936218261719,0.4773150384426117
59,241,0.027386363595724106,0.2927616834640503,59.978111267089844,0.4558996856212616
60,696,0.0790909081697464,0.3094497621059418,58.195777893066406,0.488023966550827
61,429,0.04874999821186066,0.287684828042984,56.025596618652344,0.5185702443122864
62,740,0.08409091085195541,0.2398827075958252,56.381591796875,0.5170908570289612
63,559,0.06352272629737854,0.3309219181537628,57.32316207885742,0.5022577047348022
64,248,0.02818181738257408,0.27432599663734436,56.06818389892578,0.5132697820663452
65,826,0.09386363625526428,0.3064054846763611,60.32783508300781,0.4584076404571533
66,472,0.05363636463880539,0.4052339196205139,63.75632858276367,0.41272616386413574
67,256,0.02909090928733349,0.3524581491947174,56.9005126953125,0.49217942357063293
68,558,0.06340909004211426,0.2779892086982727,55.77289962768555,0.5218102931976318
69,490,0.05568181723356247,0.28887543082237244,57.874324798583984,0.4886116683483124
70,724,0.0822727307677269,0.27485227584838867,54.562095642089844,0.5347221493721008
71,546,0.06204545497894287,0.3656943738460541,57.56548309326172,0.4981084167957306
72,257,0.02920454554259777,0.28634777665138245,54.5567741394043,0.5372757315635681
73,732,0.08318182080984116,0.3431940972805023,57.84559631347656,0.48425835371017456
74,426,0.04840908944606781,0.4037504494190216,55.57386016845703,0.518511950969696
75,713,0.0810227245092392,0.274944543838501,54.97134780883789,0.5297626852989197
76,599,0.06806818395853043,0.35037916898727417,59.2356071472168,0.47115063667297363
77,264,0.029999999329447746,0.2942197918891907,58.25701904296875,0.4879891276359558
78,826,0.09386363625526428,0.29286548495292664,54.788291931152344,0.5368896722793579
79,527,0.05988636240363121,0.3653735816478729,56.79481506347656,0.5108208656311035
80,254,0.028863636776804924,0.2818911373615265,59.237449645996094,0.4762185513973236
81,610,0.06931818276643753,0.3154674470424652,60.56278991699219,0.45146483182907104
82,457,0.05193181708455086,0.3157012164592743,59.90119171142578,0.46735164523124695
83,731,0.08306818455457687,0.24851679801940918,56.13525390625,0.5155170559883118
84,609,0.06920454651117325,0.31943926215171814,58.68305969238281,0.4847351014614105
85,265,0.03011363558471203,0.2368086278438568,60.8505859375,0.45336830615997314
86,777,0.08829545229673386,0.2788151800632477,53.68748092651367,0.5482773780822754
87,501,0.05693181976675987,0.3420817255973816,60.399085998535156,0.4587920010089874
88,579,0.06579545140266418,0.41112491488456726,59.50954818725586,0.4695248007774353
89,565,0.06420454382896423,0.389757364988327,59.74946594238281,0.47093895077705383
90,487,0.05534090846776962,0.3212035000324249,53.428977966308594,0.5575782656669617
91,720,0.08181817829608917,0.2943696677684784,56.56108474731445,0.5131974220275879
92,585,0.06647727638483047,0.3289724886417389,59.6418342590332,0.46801334619522095
93,266,0.03022727183997631,0.26233214139938354,60.520851135253906,0.457225501537323
94,686,0.07795454561710358,0.29738757014274597,57.520660400390625,0.5004711151123047
95,462,0.05249999836087227,0.3376908004283905,52.96808624267578,0.5587473511695862
96,732,0.08318182080984116,0.24893450736999512,59.715206146240234,0.46890637278556824
97,635,0.07215908914804459,0.37407028675079346,58.19768142700195,0.4803215563297272
98,274,0.031136363744735718,0.24837689101696014,53.79417037963867,0.5442925095558167
99,866,0.09840909391641617,0.2809634208679199,57.51544952392578,0.49650847911834717
100,549,0.06238636374473572,0.3694802522659302,56.209590911865234,0.5130269527435303
101,267,0.030340909957885742,0.32747939229011536,57.19154357910156,0.4907630681991577
102,541,0.06147727370262146,0.260449081659317,56.729244232177734,0.5076736807823181
103,487,0.05534090846776962,0.29955950379371643,59.00299835205078,0.4755820333957672
104,717,0.08147726953029633,0.26271453499794006,59.16079330444336,0.47766759991645813
105,698,0.07931818068027496,0.39094260334968567,57.07518768310547,0.5058655142784119
106,296,0.033636365085840225,0.29507169127464294,54.2101936340332,0.5408051013946533
107,705,0.08011363446712494,0.3128856420516968,58.427799224853516,0.48265039920806885
108,500,0.05681818351149559,0.3147256374359131,60.698856353759766,0.4515911638736725
109,683,0.07761363685131073,0.27047890424728394,56.84138870239258,0.5002288818359375
110,601,0.06829545646905899,0.3511017858982086,61.55143737792969,0.4481526017189026
111,501,0.05693181976675987,0.2730281352996826,57.940704345703125,0.4964132308959961
112,734,0.08340909332036972,0.29617729783058167,55.63711166381836,0.5178369879722595
113,605,0.06875000149011612,0.3455685079097748,58.27334213256836,0.49094122648239136
114,286,0.032499998807907104,0.2890177369117737,54.54877853393555,0.5423769354820251
115,649,0.07374999672174454,0.28757694363594055,58.03049087524414,0.49029067158699036
116,502,0.057045456022024155,0.37939518690109253,56.62929153442383,0.5101054310798645
117,770,0.08749999850988388,0.2975585162639618,57.11143493652344,0.5054659843444824
118,697,0.07920454442501068,0.4093869626522064,51.0676155090332,0.5786903500556946
119,305,0.034659091383218765,0.3005516231060028,53.0423469543457,0.5558786392211914
120,838,0.09522727131843567,0.3424191474914551,56.10542297363281,0.5177485346794128
121,545,0.06193181872367859,0.3246711194515228,58.17483901977539,0.48789891600608826
122,588,0.06681818515062332,0.2717406153678894,57.878746032714844,0.49543336033821106
123,579,0.06579545140266418,0.3311587870121002,53.45859146118164,0.5510804057121277
124,493,0.056022725999355316,0.3638094365596771,60.12857437133789,0.4642755091190338
125,703,0.07988636195659637,0.2737886309623718,53.06578826904297,0.5606645345687866
126,708,0.08045454323291779,0.29548391699790955,55.67838668823242,0.5274286270141602
127,320,0.036363635212183,0.2574843764305115,56.4421501159668,0.5176236033439636
128,678,0.07704545557498932,0.3150666654109955,55.85508728027344,0.5192611813545227
129,533,0.0605681836605072,0.33962902426719666,56.5466194152832,0.515049934387207
130,695,0.07897727191448212,0.25645825266838074,56.38041687011719,0.5063689351081848
131,588,0.06681818515062332,0.31027400493621826,54.235599517822266,0.537818968296051
132,514,0.05840909108519554,0.3083582818508148,48.233646392822266,0.6095647215843201
133,672,0.07636363804340363,0.28768229484558105,52.67668914794922,0.5570729374885559
134,613,0.06965909153223038,0.3409099876880646,58.45096969604492,0.48781976103782654
135,273,0.031022727489471436,0.3194785714149475,53.78517532348633,0.5441551208496094
136,616,0.07000000029802322,0.2782224714756012,58.55642318725586,0.4804776608943939
137,542,0.06159090995788574,0.3909609019756317,60.927921295166016,0.446353942155838
138,707,0.0803409069776535,0.28786343336105347,55.87172317504883,0.5176301598548889
139,802,0.09113636612892151,0.29509150981903076,56.22732162475586,0.5098118185997009
140,341,0.038750000298023224,0.3066331148147583,48.349552154541016,0.6222527027130127
141,760,0.08636363595724106,0.298566073179245,55.770320892333984,0.5256415605545044
142,560,0.06363636255264282,0.3756602704524994,56.572933197021484,0.5104541778564453
143,622,0.07068181782960892,0.3857731819152832,60.602176666259766,0.45127764344215393
144,621,0.07056818157434464,0.33184969425201416,61.800537109375,0.4368692636489868
145,510,0.05795454606413841,0.35184547305107117,57.88323974609375,0.49105408787727356
146,654,0.07431818544864655,0.2646413743495941,56.19138717651367,0.5183149576187134
147,715,0.08124999701976776,0.277360737323761,55.9342155456543,0.5177022218704224
148,315,0.03579545393586159,0.2957482635974884,56.300235748291016,0.5148510932922363
149,699,0.07943181693553925,0.24034571647644043,52.513668060302734,0.5657089948654175
150,552,0.06272727251052856,0.3574015498161316,60.40871810913086,0.45773810148239136
151,723,0.08215909451246262,0.3514915108680725,59.133995056152344,0.47490647435188293
152,677,0.07693181931972504,0.26060357689857483,54.12668991088867,0.5364615321159363
153,531,0.06034090742468834,0.311348021030426,56.178985595703125,0.5248116254806519
154,723,0.08215909451246262,0.320008248090744,57.31136703491211,0.49792560935020447
155,622,0.07068181782960892,0.2829490303993225,59.15986633300781,0.47075867652893066
156,556,0.0631818175315857,0.3491196632385254,51.317481994628906,0.5751824975013733
157,590,0.06704545766115189,0.2596706449985504,61.25615692138672,0.4465920031070709
158,523,0.05943181738257408,0.423277884721756,61.1875,0.44649890065193176
159,647,0.07352272421121597,0.25988394021987915,57.75185775756836,0.4946083426475525
160,817,0.09284090995788574,0.29185065627098083,57.66801834106445,0.49077412486076355
161,340,0.03863636404275894,0.33501294255256653,68.28836059570312,0.3475595712661743
162,676,0.07681818306446075,0.294800341129303,53.815185546875,0.5425444841384888
163,566,0.06431818008422852,0.33079469203948975,59.023277282714844,0.4820666015148163
164,637,0.07238636165857315,0.32008495926856995,58.49727249145508,0.48924362659454346
165,589,0.0669318214058876,0.24150854349136353,60.405174255371094,0.4598730504512787
166,510,0.05795454606413841,0.3286542594432831,58.48611831665039,0.4931568205356598
167,603,0.06852272897958755,0.24665503203868866,58.824729919433594,0.4794510006904602
168,721,0.08193181455135345,0.2987082600593567,56.58586883544922,0.5061898827552795
169,538,0.06113636493682861,0.35213005542755127,54.25328826904297,0.5270731449127197
170,684,0.07772727310657501,0.24887500703334808,59.49171829223633,0.46878454089164734
171,590,0.06704545766115189,0.36447882652282715,58.395896911621094,0.4873388111591339
172,656,0.07454545795917511,0.33251070976257324,60.17847442626953,0.45688995718955994
173,862,0.09795454889535904,0.3438924551010132,56.85081100463867,0.5082511305809021
174,518,0.05886363610625267,0.29163262248039246,55.19855880737305,0.5154038071632385
175,757,0.08602272719144821,0.34889841079711914,55.267879486083984,0.5230567455291748
176,603,0.06852272897958755,0.337746262550354,53.614688873291016,0.5443578362464905
177,584,0.0663636326789856,0.34346145391464233,56.84765625,0.5034746527671814
178,612,0.0695454552769661,0.27408352494239807,54.44049835205078,0.5361727476119995
179,519,0.05897727236151695,0.31299206614494324,58.56641387939453,0.488203227519989
180,640,0.072727270424366,0.2754284143447876,53.97929763793945,0.5407854914665222
181,792,0.09000000357627869,0.2942434251308441,60.49910354614258,0.4603770077228546
182,521,0.05920454487204552,0.29929760098457336,55.61360549926758,0.5266678929328918
183,771,0.08761363476514816,0.24548324942588806,54.3664665222168,0.5344721078872681
184,587,0.06670454889535904,0.36136680841445923,56.292110443115234,0.5119812488555908
185,649,0.07374999672174454,0.28931963443756104,54.81849670410156,0.531913697719574
186,660,0.07500000298023224,0.31968218088150024,56.126277923583984,0.5152620673179626
187,519,0.05897727236151695,0.26433324813842773,52.81722640991211,0.5580272078514099
188,645,0.07329545170068741,0.2693989872932434,59.09431457519531,0.4776390790939331
189,716,0.08136363327503204,0.312767893075943,62.5723762512207,0.4282948672771454
190,541,0.06147727370262146,0.34831753373146057,53.920223236083984,0.5479861497879028
191,630,0.07159090787172318,0.2634795904159546,56.753353118896484,0.5076820254325867
192,551,0.06261363625526428,0.3649405241012573,52.690025329589844,0.5594474077224731
193,632,0.07181818038225174,0.29653027653694153,58.71049118041992,0.48041781783103943
194,934,0.10613636672496796,0.3028055429458618,56.72822570800781,0.5136095881462097
195,497,0.056477271020412445,0.328130304813385,55.527652740478516,0.5250637531280518
196,848,0.09636363387107849,0.2718760073184967,56.856998443603516,0.5043283700942993
197,596,0.06772727519273758,0.2993989884853363,53.42617416381836,0.5471034049987793
198,596,0.06772727519273758,0.33615341782569885,56.61369323730469,0.5140941143035889
199,636,0.07227272540330887,0.2757280468940735,57.958946228027344,0.4925314486026764
200,503,0.05715909227728844,0.29717230796813965,59.37310028076172,0.47677290439605713
201,620,0.07045454531908035,0.26396140456199646,55.161720275878906,0.5328643918037415
202,830,0.09431818127632141,0.2645084857940674,56.58713912963867,0.5081759691238403
203,505,0.057386364787817,0.352021723985672,60.18143081665039,0.4642033576965332
204,878,0.09977272897958755,0.2564079165458679,61.785194396972656,0.44305989146232605
205,578,0.0656818151473999,0.3295609652996063,56.94902420043945,0.5004977583885193
206,597,0.06784091144800186,0.3123806118965149,59.16163635253906,0.4773819148540497
207,833,0.09465909004211426,0.3113359212875366,59.751182556152344,0.4662907123565674
208,507,0.057613637298345566,0.2784942090511322,55.9275016784668,0.5170521140098572
209,728,0.08272727578878403,0.28285086154937744,60.06623840332031,0.46815037727355957
210,676,0.07681818306446075,0.33906957507133484,62.604007720947266,0.4309609830379486
211,510,0.05795454606413841,0.4107860326766968,59.255699157714844,0.47397392988204956
212,641,0.07284090667963028,0.2840191423892975,62.54268264770508,0.43052494525909424
213,534,0.060681819915771484,0.3036574423313141,56.73737335205078,0.5127328634262085
214,632,0.07181818038225174,0.2733157277107239,56.46418380737305,0.5107407569885254
215,901,0.10238636285066605,0.280170738697052,58.10184097290039,0.48832088708877563
216,497,0.056477271020412445,0.373043030500412,60.21513366699219,0.46804308891296387
217,858,0.09749999642372131,0.2645203769207001,57.558231353759766,0.49610528349876404
218,597,0.06784091144800186,0.30661970376968384,55.56040573120117,0.529829740524292
219,566,0.06431818008422852,0.35914942622184753,54.7171745300293,0.5404958128929138
220,651,0.0739772692322731,0.31292086839675903,54.24974822998047,0.5372965335845947
221,511,0.058068182319402695,0.3267645835876465,57.70668411254883,0.4994540512561798
222,604,0.06863636523485184,0.26552915573120117,56.5004768371582,0.5072461366653442
223,766,0.08704545348882675,0.2684788405895233,59.01331329345703,0.47709760069847107
224,503,0.05715909227728844,0.3891638517379761,58.36871337890625,0.4795601963996887
225,721,0.08193181455135345,0.21613416075706482,55.117610931396484,0.5340427160263062
226,578,0.0656818151473999,0.32006406784057617,61.1784782409668,0.4494897127151489
227,597,0.06784091144800186,0.3410874009132385,54.470558166503906,0.5357002019882202
228,999,0.1135227307677269,0.28893306851387024,53.87828063964844,0.5404427647590637
229,468,0.05318181961774826,0.284529447555542,55.18075942993164,0.5301321148872375
230,856,0.09727272391319275,0.30288755893707275,56.415870666503906,0.517085075378418
231,647,0.07352272421121597,0.2990182638168335,61.744537353515625,0.4433293342590332
232,501,0.05693181976675987,0.39730316400527954,60.07925796508789,0.4640846848487854
233,706,0.08022727072238922,0.28552931547164917,55.20340347290039,0.522473931312561
234,515,0.058522727340459824,0.2801501154899597,61.42058563232422,0.4443035423755646
235,610,0.06931818276643753,0.25702133774757385,61.05617141723633,0.4497605562210083
236,850,0.09659090638160706,0.2907167077064514,56.96147918701172,0.5008549094200134
237,493,0.056022725999355316,0.37439078092575073,52.67323684692383,0.5571923851966858
238,930,0.10568182170391083,0.23688200116157532,54.056697845458984,0.5375734567642212
239,581,0.06602272391319275,0.2910788357257843,63.386085510253906,0.41970667243003845
240,552,0.06272727251052856,0.31296297907829285,59.11758804321289,0.47846195101737976
241,828,0.09409090876579285,0.3062588572502136,56.40681457519531,0.5161482691764832
242,495,0.05624999850988388,0.2889285087585449,58.62874984741211,0.4757639169692993
243,659,0.07488636672496796,0.2592821419239044,59.1091194152832,0.4740099012851715
244,741,0.0842045471072197,0.2687546908855438,55.28177261352539,0.5191295146942139
245,467,0.05306818336248398,0.3933647572994232,53.3560905456543,0.558740496635437
246,698,0.07931818068027496,0.2626914083957672,61.17361068725586,0.44977328181266785
247,555,0.06306818127632141,0.3078206479549408,58.58505630493164,0.4879368543624878
248,600,0.06818182021379471,0.30119073390960693,58.27732467651367,0.49112945795059204
249,961,0.10920454561710358,0.29096660017967224,60.123802185058594,0.46363407373428345
250,472,0.05363636463880539,0.29871898889541626,59.91307067871094,0.46193888783454895
251,929,0.10556818544864655,0.2904635965824127,55.40730667114258,0.524614155292511
252,625,0.07102272659540176,0.26158809661865234,53.08232498168945,0.5572453141212463
253,551,0.06261363625526428,0.3644028306007385,62.39143371582031,0.4308122396469116
254,714,0.08113636076450348,0.30811193585395813,56.78449249267578,0.5049883127212524
255,499,0.05670454725623131,0.3300439715385437,53.13264083862305,0.5562009215354919
256,621,0.07056818157434464,0.3302030861377716,55.683650970458984,0.5201958417892456
257,835,0.09488636255264282,0.241567924618721,55.47616958618164,0.5250174403190613
258,472,0.05363636463880539,0.4372710585594177,53.14713668823242,0.5506362318992615
259,909,0.1032954528927803,0.23095960915088654,57.208595275878906,0.49997204542160034
260,588,0.06681818515062332,0.31252703070640564,59.656044006347656,0.4671861231327057
261,574,0.06522727012634277,0.31789112091064453,53.53097152709961,0.5467392802238464
262,1068,0.12136363983154297,0.2921852767467499,55.22626876831055,0.5294760465621948
263,473,0.05375000089406967,0.3093944489955902,53.98904037475586,0.5487176775932312
264,812,0.09227272868156433,0.25102075934410095,53.25873947143555,0.5517646670341492
265,668,0.0759090930223465,0.270476371049881,54.44340133666992,0.5406941175460815
266,476,0.05409090965986252,0.32795342803001404,53.48030090332031,0.5513767004013062
267,732,0.08318182080984116,0.26166650652885437,57.68556213378906,0.5040280818939209
268,541,0.06147727370262146,0.31770139932632446,51.29658889770508,0.578217625617981
269,604,0.06863636523485184,0.26431435346603394,57.29188919067383,0.5005828738212585
270,961,0.10920454561710358,0.2609531879425049,57.305912017822266,0.49755004048347473
271,465,0.052840910851955414,0.3964232802391052,56.136924743652344,0.5165944695472717
272,964,0.10954545438289642,0.2270275503396988,56.21638488769531,0.5153066515922546
273,635,0.07215908914804459,0.32942995429039,57.4044303894043,0.502321720123291
274,552,0.06272727251052856,0.3274146318435669,57.701576232910156,0.4961940348148346
275,759,0.08624999970197678,0.29281875491142273,55.2406005859375,0.5257047414779663
276,502,0.057045456022024155,0.3003104329109192,56.53025817871094,0.5057935118675232
277,665,0.07556818425655365,0.25095173716545105,60.524993896484375,0.4612325429916382
278,767,0.08715908974409103,0.3033163547515869,58.281219482421875,0.4964209794998169
279,447,0.050795454531908035,0.37723541259765625,57.517791748046875,0.49519169330596924
280,785,0.08920454233884811,0.23224571347236633,61.02729415893555,0.45052412152290344
281,581,0.06602272391319275,0.3300352394580841,57.43144226074219,0.49993303418159485
282,567,0.0644318163394928,0.31270119547843933,58.05245590209961,0.49682703614234924
283,1061,0.1205681785941124,0.2735675573348999,55.16237258911133,0.5325021147727966
284,457,0.05193181708455086,0.34865573048591614,62.17280578613281,0.436742901802063
285,908,0.10318181663751602,0.3065132200717926,53.76264953613281,0.547030508518219
286,622,0.07068181782960892,0.2840782701969147,56.020015716552734,0.5168389081954956
287,505,0.057386364787817,0.2835821509361267,61.36857604980469,0.45041409134864807
288,752,0.0854545459151268,0.3156806230545044,51.56712341308594,0.5643398761749268
289,525,0.059659089893102646,0.29104724526405334,57.42967224121094,0.4984651803970337
290,614,0.06977272778749466,0.2780556082725525,56.82122039794922,0.5015782713890076
291,875,0.09943182021379471,0.24693630635738373,55.08091354370117,0.5310361385345459
292,450,0.05113636329770088,0.38757526874542236,53.67686462402344,0.5521095395088196
293,1048,0.11909090727567673,0.21167077124118805,59.985679626464844,0.4616181552410126
294,641,0.07284090667963028,0.292938768863678,55.45436096191406,0.5290888547897339
295,573,0.06511363387107849,0.28682276606559753,52.855045318603516,0.5614583492279053
296,970,0.11022727191448212,0.2612344026565552,58.7876091003418,0.4808402359485626
297,478,0.05431818217039108,0.2941724359989166,59.7430534362793,0.4726630747318268
298,786,0.0893181785941124,0.2592606842517853,55.240386962890625,0.5297567248344421
299,721,0.08193181455135345,0.24888046085834503,57.69874572753906,0.4940297603607178
300,462,0.05249999836087227,0.41986194252967834,60.5560417175293,0.45474398136138916
301,805,0.09147727489471436,0.2525942921638489,56.4114990234375,0.5172200798988342
302,575,0.06534090638160706,0.2841285169124603,59.58523178100586,0.4721390902996063
303,588,0.06681818515062332,0.24700024724006653,59.838314056396484,0.4699222147464752
304,1090,0.12386363744735718,0.2779277265071869,62.87753677368164,0.42277735471725464
305,444,0.05045454576611519,0.5525137186050415,58.19981384277344,0.4886287748813629
306,980,0.11136363446712494,0.22705291211605072,54.99741744995117,0.5287390947341919
307,636,0.07227272540330887,0.3052487373352051,58.117496490478516,0.48888885974884033
308,533,0.0605681836605072,0.3172786831855774,57.07143783569336,0.5024007558822632
309,777,0.08829545229673386,0.2778981924057007,56.25032043457031,0.5151019096374512
310,489,0.05556818097829819,0.25464317202568054,49.4261474609375,0.5967938899993896
311,667,0.07579545676708221,0.2787552773952484,57.593421936035156,0.49849584698677063
312,819,0.0930681824684143,0.23824192583560944,55.29116439819336,0.5274373292922974
313,427,0.04852272570133209,0.3675048053264618,58.00809097290039,0.4920172095298767
314,997,0.11329545825719833,0.23144176602363586,58.61684799194336,0.48470577597618103
315,639,0.07261363416910172,0.2926678955554962,56.63825225830078,0.5096957683563232
316,572,0.06499999761581421,0.30198752880096436,60.13639831542969,0.4581042230129242
317,1108,0.12590909004211426,0.2554968595504761,57.02632522583008,0.5006393790245056
318,462,0.05249999836087227,0.3828212320804596,61.820823669433594,0.4416460692882538
319,893,0.10147727280855179,0.279044508934021,60.15567398071289,0.4639379382133484
320,623,0.0707954540848732,0.28196102380752563,58.01469802856445,0.4895755350589752
321,483,0.054886363446712494,0.32283270359039307,60.38352584838867,0.45944178104400635
322,844,0.09590908885002136,0.27683311700820923,57.576236724853516,0.5011260509490967
323,552,0.06272727251052856,0.2987777888774872,54.270591735839844,0.5412627458572388
324,626,0.07113636285066605,0.31019100546836853,59.03040313720703,0.47451090812683105
325,967,0.10988636314868927,0.24654614925384521,58.20288848876953,0.4879782795906067
326,417,0.04738636314868927,0.3621261417865753,56.62672424316406,0.5145323872566223
327,1078,0.12250000238418579,0.21253976225852966,56.11571502685547,0.5119486451148987
328,630,0.07159090787172318,0.27972909808158875,53.37111282348633,0.5606342554092407
329,553,0.06284090876579285,0.3612503707408905,59.687191009521484,0.46914246678352356
330,890,0.10113636404275894,0.26831483840942383,56.344383239746094,0.5100999474525452
331,480,0.05454545468091965,0.32261574268341064,59.58527374267578,0.4740942716598511
332,788,0.08954545110464096,0.29523366689682007,50.98045349121094,0.5820107460021973
333,791,0.0898863673210144,0.32491105794906616,61.23221206665039,0.44820961356163025
334,458,0.05204545333981514,0.3869785964488983,58.108924865722656,0.4906104505062103
335,848,0.09636363387107849,0.23246653378009796,61.367347717285156,0.44524019956588745
336,608,0.06909091025590897,0.31936609745025635,59.25807571411133,0.4758591949939728
337,591,0.06715909391641617,0.3020278215408325,57.98011779785156,0.48989588022232056
338,1144,0.12999999523162842,0.28267011046409607,57.869651794433594,0.4956391453742981
339,438,0.049772728234529495,0.32183903455734253,54.040626525878906,0.5377771854400635
340,1033,0.1173863634467125,0.22698631882667542,56.7480354309082,0.5066317915916443
341,612,0.0695454552769661,0.2580592930316925,58.107574462890625,0.49285200238227844
342,521,0.05920454487204552,0.2968755066394806,56.70124816894531,0.5023569464683533
343,868,0.09863636642694473,0.25427621603012085,53.897125244140625,0.5481223464012146
344,513,0.05829545482993126,0.2706294357776642,61.84189987182617,0.4423634111881256
345,682,0.07750000059604645,0.27902862429618835,59.56397247314453,0.4754140079021454
346,935,0.10625000298023224,0.2443283647298813,57.83417510986328,0.495414137840271
347,408,0.04636363685131073,0.3653601109981537,51.12188720703125,0.583783745765686
348,1043,0.11852272599935532,0.23039814829826355,57.700584411621094,0.4987500309944153
349,653,0.07420454174280167,0.2584790885448456,57.80514907836914,0.49520760774612427
350,569,0.06465908885002136,0.2879566252231598,54.66295623779297,0.5339978933334351
351,1107,0.12579545378684998,0.30459240078926086,57.843955993652344,0.49680501222610474
352,443,0.050340909510850906,0.24691496789455414,51.80984878540039,0.5710232853889465
353,940,0.10681818425655365,0.24790222942829132,60.15076446533203,0.45931074023246765
354,703,0.07988636195659637,0.2709377408027649,56.926170349121094,0.5048261880874634
355,472,0.05363636463880539,0.38328683376312256,57.85842514038086,0.502402663230896
356,924,0.10499999672174454,0.22367419302463531,56.028324127197266,0.5192874073982239
357,567,0.0644318163394928,0.2575259506702423,59.068450927734375,0.47436895966529846
358,635,0.07215908914804459,0.2298567295074463,55.43867492675781,0.5292288064956665
359,1079,0.12261363863945007,0.23912855982780457,56.15624237060547,0.5160265564918518
360,424,0.048181816935539246,0.37936168909072876,57.68903732299805,0.49909707903862
361,1058,0.12022726982831955,0.20853501558303833,57.087562561035156,0.5041897296905518
362,644,0.07318181544542313,0.22864936292171478,55.85386276245117,0.5229334831237793
363,550,0.0625,0.30920296907424927,55.2966423034668,0.5268157124519348
364,892,0.1013636365532875,0.3006749153137207,54.105308532714844,0.5429460406303406
365,475,0.053977273404598236,0.3307594954967499,54.951873779296875,0.525614321231842
366,791,0.0898863673210144,0.26227882504463196,57.80268096923828,0.4938395321369171
367,915,0.103977270424366,0.24660438299179077,57.27287292480469,0.5047489404678345
368,429,0.04874999821186066,0.3251209855079651,58.92283248901367,0.4780094623565674
369,998,0.11340909451246262,0.21915589272975922,59.140625,0.48321834206581116
370,634,0.0720454528927803,0.2744002640247345,58.58566665649414,0.47864261269569397
371,598,0.06795454770326614,0.30381089448928833,56.66941833496094,0.5045981407165527
372,1248,0.14181818068027496,0.3020774722099304,58.07731246948242,0.4919525980949402
373,442,0.050227273255586624,0.2888050079345703,60.99642562866211,0.4529951214790344
374,989,0.11238636076450348,0.2994893491268158,53.71169662475586,0.549532949924469
375,652,0.07409090548753738,0.23897644877433777,56.21503448486328,0.5115326642990112
376,496,0.05636363476514816,0.34848666191101074,58.64250946044922,0.4843180477619171
377,887,0.1007954552769661,0.23400595784187317,61.52086639404297,0.44709470868110657
378,548,0.062272727489471436,0.2833080589771271,59.37193298339844,0.4746168851852417
379,735,0.083522729575634,0.2641853392124176,54.41875457763672,0.542365550994873
380,1008,0.11454545706510544,0.2509196400642395,54.45117950439453,0.5390280485153198
381,392,0.044545453041791916,0.33373376727104187,60.31259536743164,0.461165189743042
382,1120,0.12727272510528564,0.20289336144924164,58.321693420410156,0.4899892508983612
383,661,0.07511363923549652,0.26693210005760193,58.84407424926758,0.48101136088371277
384,585,0.06647727638483047,0.33646711707115173,57.46332931518555,0.50006103515625
385,1033,0.1173863634467125,0.2677018642425537,58.54295349121094,0.48555469512939453
386,460,0.052272725850343704,0.27450743317604065,55.520721435546875,0.5244668126106262
387,928,0.10545454174280167,0.2612389624118805,58.62228775024414,0.4817250669002533
388,776,0.08818181604146957,0.2652270793914795,57.76445388793945,0.4946185350418091
389,464,0.05272727087140083,0.33908021450042725,56.31655502319336,0.5125672221183777
390,996,0.11318181455135345,0.2237994372844696,56.447845458984375,0.5131953954696655
391,604,0.06863636523485184,0.26446664333343506,54.125144958496094,0.5390878319740295
392,649,0.07374999672174454,0.27156898379325867,53.762168884277344,0.5503551363945007
393,1260,0.14318181574344635,0.30270692706108093,58.68342590332031,0.4820588529109955
394,427,0.04852272570133209,0.3384782075881958,58.12515640258789,0.4832038879394531
395,1063,0.12079545110464096,0.2470136433839798,60.262760162353516,0.45399031043052673
396,632,0.07181818038225174,0.22558048367500305,60.34260177612305,0.46023786067962646
397,512,0.05818181857466698,0.30314645171165466,59.19755935668945,0.477557897567749
398,937,0.1064772754907608,0.23087649047374725,55.560272216796875,0.5258044004440308
399,499,0.05670454725623131,0.27337515354156494,57.351253509521484,0.5008928775787354
400,786,0.0893181785941124,0.2629479765892029,57.71564483642578,0.49224379658699036
401,1025,0.11647727340459824,0.2745359539985657,56.623477935791016,0.5029129385948181
402,393,0.0446590892970562,0.4065479040145874,57.17251205444336,0.5016574859619141
403,1123,0.1276136338710785,0.22876600921154022,59.822357177734375,0.4694274067878723
404,636,0.07227272540330887,0.30154016613960266,60.79466247558594,0.4552321434020996
405,602,0.06840909272432327,0.28515446186065674,55.08730697631836,0.5321705341339111
406,1279,0.1453409045934677,0.3110416531562805,52.1013069152832,0.570580780506134
407,439,0.04988636448979378,0.3737371265888214,62.31869125366211,0.4294717311859131
408,991,0.11261363327503204,0.2708798050880432,51.504661560058594,0.5680875182151794
409,715,0.08124999701976776,0.2315201610326767,55.42875289916992,0.5263695120811462
410,480,0.05454545468091965,0.39735016226768494,54.15608596801758,0.5403403639793396
411,964,0.10954545438289642,0.2422133833169937,59.5960807800293,0.47240322828292847
412,576,0.06545454263687134,0.2503467798233032,54.969791412353516,0.5248162746429443
413,713,0.0810227245092392,0.22351843118667603,57.4799690246582,0.5003637075424194
414,1151,0.1307954490184784,0.22791466116905212,57.42142868041992,0.49447572231292725
415,396,0.04500000178813934,0.3716112971305847,59.41968536376953,0.4746330976486206
416,1101,0.12511363625526428,0.22390116751194,57.898162841796875,0.49821406602859497
417,640,0.072727270424366,0.2678355276584625,55.71998977661133,0.5135553479194641
418,568,0.06454545259475708,0.31025800108909607,53.77098846435547,0.5457936525344849
419,944,0.10727272927761078,0.23833610117435455,58.11405563354492,0.4925243854522705
420,466,0.052954547107219696,0.28834235668182373,57.37717819213867,0.5012596845626831
421,937,0.1064772754907608,0.26821354031562805,60.79522705078125,0.45638307929039
422,928,0.10545454174280167,0.23002682626247406,55.41417694091797,0.5302091836929321
423,434,0.049318183213472366,0.3968895375728607,57.78633499145508,0.49238520860671997
424,1153,0.13102272152900696,0.21834397315979004,59.42140197753906,0.47359079122543335
425,602,0.06840909272432327,0.23980683088302612,59.61494064331055,0.47322002053260803
426,667,0.07579545676708221,0.3063688576221466,57.711036682128906,0.4977300465106964
427,1350,0.15340909361839294,0.28273773193359375,54.433189392089844,0.5423246026039124
428,422,0.04795454442501068,0.37115204334259033,55.483314514160156,0.5268934965133667
429,1026,0.11659090965986252,0.269549697637558,58.894554138183594,0.4808274507522583
430,644,0.07318181544542313,0.25979188084602356,59.74711227416992,0.46186837553977966
431,497,0.056477271020412445,0.32478776574134827,58.38113021850586,0.48467180132865906
432,931,0.10579545795917511,0.2129560112953186,57.800682067871094,0.4895995557308197
433,555,0.06306818127632141,0.27534177899360657,55.299495697021484,0.5246458649635315
434,811,0.09215909242630005,0.25944551825523376,56.46405792236328,0.5127098560333252
435,1139,0.129431813955307,0.24094006419181824,56.457027435302734,0.5112403631210327
436,378,0.042954545468091965,0.34741732478141785,60.31560134887695,0.45928090810775757
437,1140,0.1295454502105713,0.20704221725463867,55.21734619140625,0.5243884921073914
438,632,0.07181818038225174,0.22013603150844574,53.99943161010742,0.5496460199356079
439,613,0.06965909153223038,0.3342677056789398,56.101478576660156,0.5077061057090759
440,1312,0.14909091591835022,0.30835825204849243,57.068878173828125,0.5025772452354431
441,431,0.04897727444767952,0.31111639738082886,55.260826110839844,0.5278937220573425
442,1033,0.1173863634467125,0.24477922916412354,56.76498794555664,0.511279821395874
443,801,0.09102272987365723,0.23754145205020905,54.13307571411133,0.5446237921714783
444,439,0.04988636448979378,0.39100539684295654,57.02023696899414,0.5071914196014404
445,999,0.1135227307677269,0.215735524892807,58.276222229003906,0.48741331696510315
446,573,0.06511363387107849,0.21277682483196259,53.561073303222656,0.5502804517745972
447,679,0.0771590918302536,0.25043871998786926,54.68855285644531,0.534724771976471
448,1335,0.1517045497894287,0.2588760554790497,58.127567291259766,0.49400103092193604
449,400,0.04545454680919647,0.43001967668533325,54.99429702758789,0.5288486480712891
450,1062,0.12068181484937668,0.21546728909015656,56.38172912597656,0.5142145156860352
451,627,0.07124999910593033,0.25018438696861267,54.58905792236328,0.5383086800575256
452,526,0.05977272614836693,0.30582380294799805,59.408878326416016,0.4725198447704315
453,1007,0.11443182080984116,0.2670184373855591,58.534488677978516,0.4856213927268982
454,481,0.05465909093618393,0.3749085068702698,55.926578521728516,0.5141059160232544
455,911,0.10352272540330887,0.2306804656982422,59.87847137451172,0.46536359190940857
456,1061,0.1205681785941124,0.2701244354248047,58.23024368286133,0.48640763759613037
457,403,0.04579545557498932,0.4743120074272156,63.1683235168457,0.4267021119594574
458,1184,0.1345454603433609,0.20801429450511932,57.89630126953125,0.4878128170967102
459,607,0.06897727400064468,0.25638893246650696,54.970157623291016,0.531531572341919
460,653,0.07420454174280167,0.35688331723213196,56.28578567504883,0.5130299925804138
461,1394,0.15840908885002136,0.31364643573760986,62.65601348876953,0.42686888575553894
462,424,0.048181816935539246,0.3489258885383606,60.16691970825195,0.45965296030044556
463,1094,0.1243181824684143,0.28243982791900635,58.55173110961914,0.48666515946388245
464,698,0.07931818068027496,0.2429199516773224,57.05262756347656,0.5021174550056458
465,457,0.05193181708455086,0.31219565868377686,59.65034866333008,0.4740458130836487
466,960,0.1090909093618393,0.22093059122562408,56.11050796508789,0.5100904703140259
467,582,0.06613636016845703,0.2721253037452698,57.15304946899414,0.5043123364448547
468,806,0.09159091114997864,0.2268257439136505,57.219703674316406,0.5052688717842102
469,1212,0.1377272754907608,0.2688368856906891,54.88958740234375,0.5336558818817139
470,379,0.04306818172335625,0.3496612012386322,58.71327590942383,0.48526811599731445
471,1181,0.13420455157756805,0.20712895691394806,55.745758056640625,0.5175668001174927
472,613,0.06965909153223038,0.25769898295402527,57.65888977050781,0.48877033591270447
473,586,0.06659091264009476,0.3379632830619812,61.088531494140625,0.4497934877872467
474,1124,0.12772727012634277,0.2657243311405182,53.86587905883789,0.5378857254981995
475,435,0.04943181946873665,0.3033336102962494,57.29340362548828,0.5025286674499512
476,1041,0.11829545348882675,0.24898426234722137,53.920894622802734,0.5421045422554016
477,902,0.10249999910593033,0.2493116557598114,54.758026123046875,0.532583475112915
478,394,0.04477272555232048,0.31034162640571594,57.55681228637695,0.49305272102355957
479,1034,0.11749999970197678,0.23528912663459778,59.82081985473633,0.46669262647628784
480,567,0.0644318163394928,0.26749661564826965,55.73653793334961,0.5176249146461487
481,683,0.07761363685131073,0.27428677678108215,56.1012077331543,0.5196470022201538
482,1353,0.1537500023841858,0.24963152408599854,57.41636657714844,0.49773529171943665
483,404,0.0459090918302536,0.37379059195518494,58.06702423095703,0.49491485953330994
484,1069,0.12147727608680725,0.23145587742328644,61.20817565917969,0.4486481845378876
485,652,0.07409090548753738,0.2555783689022064,56.68456268310547,0.5094410181045532
486,476,0.05409090965986252,0.2961326241493225,55.86161804199219,0.517041802406311
487,1027,0.1167045459151268,0.2398916482925415,57.40705871582031,0.4927777945995331
488,530,0.06022727116942406,0.2531830668449402,57.05665588378906,0.5040956139564514
489,917,0.10420454293489456,0.25568267703056335,56.31363296508789,0.5151166915893555
490,1144,0.12999999523162842,0.25105977058410645,59.12895584106445,0.476985901594162
491,389,0.04420454427599907,0.40736666321754456,56.199283599853516,0.5101820230484009
492,1175,0.13352273404598236,0.23758505284786224,55.45436096191406,0.5245824456214905
493,601,0.06829545646905899,0.2649517059326172,59.55494689941406,0.4688911736011505
494,665,0.07556818425655365,0.32484549283981323,57.14242172241211,0.5116190910339355
495,1306,0.14840908348560333,0.35257264971733093,54.53068161010742,0.5398292541503906
496,420,0.04772727191448212,0.31748491525650024,60.34536361694336,0.4593922197818756
497,1103,0.12534090876579285,0.24857018887996674,60.085514068603516,0.4616919755935669
498,796,0.09045454859733582,0.2641127109527588,54.49541473388672,0.5316032767295837
499,402,0.04568181931972504,0.4217802882194519,58.339599609375,0.48590919375419617
500,1059,0.12034090608358383,0.21552424132823944,61.383445739746094,0.4488837718963623
501,575,0.06534090638160706,0.26547738909721375,53.0665168762207,0.5472406148910522
502,732,0.08318182080984116,0.23601335287094116,57.229557037353516,0.49904799461364746
503,1311,0.14897727966308594,0.3094326853752136,60.57016372680664,0.4531342685222626
504,370,0.04204545542597771,0.380348265171051,53.24304962158203,0.5552111864089966
505,1199,0.13625000417232513,0.2223884016275406,55.88646697998047,0.5177111625671387
506,613,0.06965909153223038,0.22807949781417847,58.898406982421875,0.4688583314418793
507,539,0.061250001192092896,0.2801251709461212,53.97840118408203,0.5384163856506348
508,1082,0.12295454740524292,0.25690707564353943,54.91157913208008,0.5358926057815552
509,466,0.052954547107219696,0.28705477714538574,55.50238037109375,0.5232971906661987
510,996,0.11318181455135345,0.24673913419246674,52.701507568359375,0.5602720975875854
511,1028,0.11681818217039108,0.28671106696128845,59.95258331298828,0.4616527557373047
512,383,0.043522726744413376,0.3972635567188263,53.23582458496094,0.5529882907867432
513,1111,0.1262499988079071,0.20729219913482666,57.0888786315918,0.5017037987709045
514,582,0.06613636016845703,0.2495238482952118,59.32738494873047,0.47155851125717163
515,700,0.07954545319080353,0.24020901322364807,54.26938247680664,0.5359536409378052
516,1315,0.14943182468414307,0.2921178340911865,62.14906692504883,0.43860772252082825
517,411,0.04670454561710358,0.3338218629360199,54.638145446777344,0.530491054058075
518,1105,0.1255681812763214,0.23076653480529785,55.83924102783203,0.5163871645927429
519,689,0.07829545438289642,0.25397422909736633,57.80476760864258,0.49154624342918396
520,427,0.04852272570133209,0.3106909990310669,57.65784454345703,0.49629905819892883
521,1087,0.12352272868156433,0.25191572308540344,56.567691802978516,0.514870285987854
522,570,0.06477272510528564,0.2973218262195587,59.521854400634766,0.4723682999610901
523,884,0.10045454651117325,0.2556362450122833,59.4025764465332,0.4718623161315918
524,1209,0.13738636672496796,0.23052535951137543,57.7154541015625,0.49364057183265686
525,377,0.04284090921282768,0.3608853816986084,55.7067985534668,0.5265709161758423
526,1202,0.13659091293811798,0.2912018597126007,55.879554748535156,0.5156375169754028
527,591,0.06715909391641617,0.2227460891008377,58.75489807128906,0.484432578086853
528,624,0.07090909034013748,0.3798372149467468,56.73890686035156,0.510667085647583
529,1263,0.1435227245092392,0.29114535450935364,58.369712829589844,0.4900359511375427
530,415,0.047159090638160706,0.3366720378398895,55.054466247558594,0.5276320576667786
531,1093,0.12420454621315002,0.26516956090927124,60.10141372680664,0.46134495735168457
532,854,0.09704545140266418,0.23883233964443207,59.16411590576172,0.47977113723754883
533,391,0.044431816786527634,0.39333078265190125,59.01021194458008,0.4809091091156006
534,1034,0.11749999970197678,0.19693072140216827,60.73984146118164,0.453752726316452
535,578,0.0656818151473999,0.2954360842704773,53.11439895629883,0.5596842765808105
536,722,0.08204545825719833,0.28265464305877686,59.34210968017578,0.47579237818717957
537,1279,0.1453409045934677,0.27027538418769836,61.84008026123047,0.4431401491165161
538,368,0.04181818291544914,0.3439682126045227,57.22848892211914,0.4997977912425995
539,1136,0.12909090518951416,0.24484559893608093,59.027095794677734,0.4807552397251129
540,629,0.07147727161645889,0.2384089082479477,48.522579193115234,0.6165738105773926
541,457,0.05193181708455086,0.3338630497455597,62.54878616333008,0.4300698935985565
542,1084,0.12318181991577148,0.2951525151729584,55.5529670715332,0.5184128880500793
543,492,0.055909089744091034,0.31944265961647034,58.20257568359375,0.4912295341491699
544,971,0.1103409081697464,0.2771662175655365,55.75906753540039,0.5219112634658813
545,1128,0.1281818151473999,0.28238892555236816,58.10844802856445,0.4832534193992615
546,376,0.0427272729575634,0.35528644919395447,54.32635498046875,0.5400481820106506
547,1190,0.1352272778749466,0.20973187685012817,56.9508056640625,0.504597544670105
548,584,0.0663636326789856,0.24889406561851501,58.31551742553711,0.48238614201545715
549,673,0.07647727429866791,0.3050786256790161,61.36338424682617,0.4427485764026642
550,1311,0.14897727966308594,0.315873920917511,54.01268768310547,0.5406771898269653
551,402,0.04568181931972504,0.4440954923629761,53.8756103515625,0.5446410179138184
552,1118,0.12704545259475708,0.23885448276996613,59.480201721191406,0.47350838780403137
553,760,0.08636363595724106,0.2988833487033844,56.870548248291016,0.5057911276817322
554,395,0.04488636180758476,0.35170120000839233,56.52493667602539,0.507999062538147
555,1077,0.12238636612892151,0.2345048189163208,54.402103424072266,0.5335489511489868
556,561,0.0637499988079071,0.2832210659980774,60.79323196411133,0.46021726727485657
557,839,0.09534090757369995,0.2328352928161621,56.254390716552734,0.5140702724456787
558,1280,0.145454540848732,0.2575947046279907,59.272727966308594,0.4715796411037445
559,376,0.0427272729575634,0.36635416746139526,57.723716735839844,0.4908691942691803
560,1221,0.13875000178813934,0.25175365805625916,58.60095977783203,0.48098912835121155
561,616,0.07000000029802322,0.24790766835212708,56.30175018310547,0.513904333114624
562,564,0.06409090757369995,0.2783854305744171,56.168617248535156,0.5172612071037292
563,1034,0.11749999970197678,0.22746071219444275,60.06632614135742,0.4598962366580963
564,420,0.04772727191448212,0.34608814120292664,55.517173767089844,0.5286597013473511
565,1073,0.12193182110786438,0.2847394049167633,58.26963806152344,0.48963943123817444
566,949,0.10784091055393219,0.28415200114250183,60.252376556396484,0.46104803681373596
567,389,0.04420454427599907,0.4461561143398285,56.63216018676758,0.5063108205795288
568,1110,0.12613636255264282,0.20912501215934753,57.355960845947266,0.4991892874240875
569,569,0.06465908885002136,0.2908609211444855,56.55012130737305,0.506095290184021
570,709,0.08056817948818207,0.24072369933128357,54.25288772583008,0.5371885895729065
571,1330,0.1511363685131073,0.2827405035495758,54.813350677490234,0.5322334170341492
572,392,0.044545453041791916,0.35067251324653625,55.405921936035156,0.5255473852157593
573,1154,0.13113635778427124,0.21990594267845154,60.583370208740234,0.45517390966415405
574,658,0.07477273046970367,0.2623119056224823,55.942142486572266,0.5192059278488159
575,416,0.04727272689342499,0.3304101824760437,57.6705322265625,0.4909486174583435
576,1168,0.1327272653579712,0.27744919061660767,56.5830078125,0.5057838559150696
577,509,0.05784090980887413,0.2875868082046509,57.27766036987305,0.5029014348983765
578,943,0.1071590930223465,0.2365283966064453,57.12686538696289,0.5010570287704468
579,1243,0.14124999940395355,0.24740232527256012,58.51557922363281,0.484215646982193
580,376,0.0427272729575634,0.4035852253437042,56.749149322509766,0.5045096278190613
581,1261,0.14329545199871063,0.22504392266273499,56.756927490234375,0.5096563100814819
582,594,0.06750000268220901,0.2595186233520508,54.108890533447266,0.5465556383132935
583,631,0.07170454412698746,0.36491766571998596,60.882015228271484,0.4497183859348297
584,1237,0.14056818187236786,0.2853214144706726,59.45088195800781,0.46808916330337524
585,395,0.04488636180758476,0.41367971897125244,53.414798736572266,0.5489196181297302
586,1147,0.13034090399742126,0.2453952431678772,59.394432067871094,0.47359663248062134
587,825,0.09375,0.2708947956562042,58.294551849365234,0.48846209049224854
588,380,0.04318181797862053,0.31647762656211853,60.8985710144043,0.4481126070022583
589,1110,0.12613636255264282,0.2453649789094925,54.73696517944336,0.5314691662788391
590,571,0.06488636136054993,0.3160693645477295,56.01591873168945,0.5212686061859131
591,783,0.08897726982831955,0.23564249277114868,60.56477355957031,0.4535253047943115
592,1264,0.14363636076450348,0.27976542711257935,57.56585693359375,0.4972953796386719
593,369,0.041931819170713425,0.3115813434123993,59.37761306762695,0.4729449152946472
594,1184,0.1345454603433609,0.2615607976913452,56.52977752685547,0.5060406923294067
595,610,0.06931818276643753,0.24710841476917267,57.18974304199219,0.49295008182525635
596,494,0.0561363622546196,0.28939080238342285,57.856319427490234,0.49435099959373474
597,1079,0.12261363863945007,0.25577130913734436,53.345298767089844,0.549460768699646
598,453,0.05147727206349373,0.28864356875419617,57.94110107421875,0.4916095733642578
599,1053,0.11965908855199814,0.2697850167751312,58.29024887084961,0.48989957571029663
600,1061,0.1205681785941124,0.2847878634929657,58.002777099609375,0.49500247836112976
601,366,0.04159091040492058,0.32815298438072205,55.32215881347656,0.5293459892272949
602,1222,0.13886363804340363,0.2824762761592865,56.86343002319336,0.5091177225112915
603,564,0.06409090757369995,0.29957783222198486,52.42256164550781,0.5566110014915466
604,674,0.07659091055393219,0.3411252796649933,54.44570541381836,0.5370546579360962
605,1361,0.15465909242630005,0.28260332345962524,57.93938446044922,0.4920605421066284
606,387,0.043977271765470505,0.3860212564468384,56.32339096069336,0.5127320885658264
607,1168,0.1327272653579712,0.23505379259586334,56.218875885009766,0.5114041566848755
608,703,0.07988636195659637,0.2795521020889282,57.28631591796875,0.501981794834137
609,384,0.04363636299967766,0.30371516942977905,56.372859954833984,0.5135855078697205
610,1137,0.12920454144477844,0.2586360573768616,53.39329147338867,0.5523767471313477
611,550,0.0625,0.2530496120452881,52.86079025268555,0.5431293249130249
612,931,0.10579545795917511,0.2925533652305603,58.258934020996094,0.49023643136024475
613,1263,0.1435227245092392,0.2562547028064728,53.46696090698242,0.5512351989746094
614,374,0.042500000447034836,0.35279276967048645,58.3123893737793,0.48813483119010925
615,1279,0.1453409045934677,0.24144770205020905,60.42668914794922,0.45134392380714417
616,587,0.06670454889535904,0.22949236631393433,58.226783752441406,0.4869169592857361
617,594,0.06750000268220901,0.26431015133857727,60.556278228759766,0.4534915089607239
618,1064,0.12090908735990524,0.23601773381233215,57.68628692626953,0.4936670958995819
619,415,0.047159090638160706,0.32675713300704956,58.94404220581055,0.4734994173049927
620,1161,0.13193181157112122,0.28109073638916016,56.32211685180664,0.5169621706008911
621,885,0.10056818276643753,0.29808422923088074,58.695960998535156,0.47832047939300537
622,372,0.04227272793650627,0.42612501978874207,59.38365173339844,0.4718542695045471
623,1188,0.13500000536441803,0.23833416402339935,58.43955993652344,0.47737130522727966
624,544,0.06181818246841431,0.28292351961135864,58.378387451171875,0.49003759026527405
625,740,0.08409091085195541,0.2497144192457199,57.145851135253906,0.504160463809967
626,1304,0.14818181097507477,0.31574055552482605,56.80865478515625,0.5027695298194885
627,378,0.042954545468091965,0.38506975769996643,55.429908752441406,0.5215215682983398
628,1167,0.1326136291027069,0.21755562722682953,59.00804138183594,0.4763645827770233
629,635,0.07215908914804459,0.2687664330005646,56.32572555541992,0.5151379704475403
630,439,0.04988636448979378,0.3037230670452118,53.926513671875,0.5434754490852356
631,1159,0.13170453906059265,0.23634037375450134,56.31198501586914,0.5175042152404785
632,474,0.053863637149333954,0.277666300535202,52.04216384887695,0.5633703470230103
633,995,0.11306817829608917,0.25590547919273376,57.01427459716797,0.5059613585472107
634,1131,0.12852272391319275,0.29033806920051575,56.0594482421875,0.5188896656036377
635,373,0.042386364191770554,0.32252681255340576,50.175262451171875,0.5982321500778198
636,1292,0.14681817591190338,0.24750062823295593,58.382965087890625,0.47904452681541443
637,585,0.06647727638483047,0.26648232340812683,53.97780227661133,0.5518415570259094
638,660,0.07500000298023224,0.21881793439388275,59.57133102416992,0.4725090265274048
639,1287,0.14624999463558197,0.2624897360801697,58.2957878112793,0.4870876669883728
640,393,0.0446590892970562,0.36767905950546265,58.53093719482422,0.4801192879676819
641,1160,0.13181817531585693,0.24918191134929657,58.54196548461914,0.4815872609615326
642,766,0.08704545348882675,0.29324638843536377,58.10030746459961,0.4893796443939209
643,387,0.043977271765470505,0.3412773311138153,61.87450408935547,0.4374299645423889
644,1194,0.13568182289600372,0.24993184208869934,56.236148834228516,0.5130601525306702
645,543,0.061704546213150024,0.3363150358200073,51.408416748046875,0.5735583901405334
646,865,0.09829545766115189,0.2925426959991455,55.167964935302734,0.5262728333473206
647,1259,0.14306817948818207,0.277182012796402,56.20246887207031,0.5160953998565674
648,371,0.04215909168124199,0.3767494857311249,59.082298278808594,0.4764467775821686
649,1286,0.1461363583803177,0.2711126506328583,56.120967864990234,0.5140745043754578
650,649,0.07374999672174454,0.34134024381637573,54.81591796875,0.527410089969635
651,553,0.06284090876579285,0.25223106145858765,58.191497802734375,0.487077534198761
652,1115,0.12670454382896423,0.25008636713027954,58.705322265625,0.48096731305122375
653,425,0.04829545319080353,0.30934157967567444,52.21994400024414,0.5678163766860962
654,1083,0.1230681836605072,0.2868190109729767,56.07098388671875,0.5159350633621216
655,983,0.11170454323291779,0.287757933139801,54.92549514770508,0.5305885672569275
656,360,0.040909089148044586,0.3016359508037567,57.68014907836914,0.49602869153022766
657,1265,0.14374999701976776,0.2595353126525879,60.60386657714844,0.4591541588306427
658,575,0.06534090638160706,0.23910240828990936,51.764835357666016,0.5622454881668091
659,710,0.08068181574344635,0.23229250311851501,60.95531463623047,0.4501638412475586
660,1320,0.15000000596046448,0.3124971389770508,53.406227111816406,0.5450851321220398
661,384,0.04363636299967766,0.37590473890304565,56.63425064086914,0.5090767741203308
662,1205,0.13693182170391083,0.23936089873313904,61.83945846557617,0.4367469251155853
663,700,0.07954545319080353,0.27850329875946045,59.55356216430664,0.4756709039211273
664,416,0.04727272689342499,0.270782470703125,59.306358337402344,0.474480003118515
665,1111,0.1262499988079071,0.25107887387275696,58.4599723815918,0.4840052127838135
666,510,0.05795454606413841,0.269650399684906,57.1627311706543,0.500883936882019
667,929,0.10556818544864655,0.24910487234592438,59.22651672363281,0.4764803946018219
668,1260,0.14318181574344635,0.24610108137130737,55.5553092956543,0.524803638458252
669,361,0.04102272912859917,0.4114644229412079,59.358299255371094,0.47559383511543274
670,1326,0.15068182349205017,0.2460012137889862,59.249263763427734,0.47512057423591614
671,613,0.06965909153223038,0.28873831033706665,56.01167297363281,0.5202895402908325
672,654,0.07431818544864655,0.2686861455440521,55.919044494628906,0.5172046422958374
673,1216,0.13818182051181793,0.25734981894493103,60.57459259033203,0.45429426431655884
674,409,0.04647727310657501,0.3427182137966156,56.15105056762695,0.5180362462997437
675,1139,0.129431813955307,0.25973084568977356,58.224945068359375,0.48812320828437805
676,826,0.09386363625526428,0.2681509554386139,51.57197570800781,0.5693631768226624
677,372,0.04227272793650627,0.3945428729057312,53.111690521240234,0.5596524477005005
678,1173,0.1332954615354538,0.2625557780265808,55.682559967041016,0.5198840498924255
679,556,0.0631818175315857,0.270849347114563,60.11777114868164,0.4626389145851135
680,774,0.08795454353094101,0.28295350074768066,56.93931579589844,0.5051913261413574
681,1242,0.14113636314868927,0.2726385295391083,58.966190338134766,0.4770619869232178
682,379,0.04306818172335625,0.35618582367897034,56.98970413208008,0.49983957409858704
683,1225,0.13920454680919647,0.20800457894802094,58.080650329589844,0.48842379450798035
684,690,0.0784090906381607,0.2759298086166382,60.08852005004883,0.4660375118255615
685,499,0.05670454725623131,0.3009394705295563,54.61186599731445,0.5288177132606506
686,1045,0.11874999850988388,0.27147164940834045,55.84978103637695,0.516533374786377
687,449,0.0510227270424366,0.2598063051700592,57.61669158935547,0.4891970157623291
688,1005,0.11420454829931259,0.2598918676376343,58.5219612121582,0.4868326187133789
689,1098,0.12477272748947144,0.26130393147468567,57.61901092529297,0.4955906867980957
690,339,0.03852272778749466,0.3626125156879425,58.289737701416016,0.48604175448417664
691,1339,0.15215909481048584,0.2913913428783417,59.18613052368164,0.4759863317012787
692,591,0.06715909391641617,0.2602095603942871,58.23964309692383,0.49283716082572937
693,724,0.0822727307677269,0.23971563577651978,59.36019515991211,0.471558541059494
694,1291,0.1467045396566391,0.255668967962265,58.129798889160156,0.48776572942733765
695,397,0.045113638043403625,0.37453222274780273,57.29243850708008,0.5078690052032471
696,1175,0.13352273404598236,0.236341655254364,59.10713577270508,0.4769432544708252
697,748,0.08500000089406967,0.25492218136787415,57.385746002197266,0.5011417269706726
698,436,0.04954545572400093,0.2772181034088135,59.981658935546875,0.4571821689605713
699,1101,0.12511363625526428,0.26251211762428284,52.74662780761719,0.5630925893783569
700,559,0.06352272629737854,0.3072046637535095,59.489253997802734,0.467418909072876
701,848,0.09636363387107849,0.3160080909729004,57.209232330322266,0.4982536733150482
702,1228,0.13954545557498932,0.23858000338077545,56.76091766357422,0.5092644095420837
703,353,0.04011363536119461,0.424789160490036,51.193321228027344,0.5796857476234436
704,1334,0.15159091353416443,0.2665221691131592,59.89299011230469,0.464062362909317
705,686,0.07795454561710358,0.25065353512763977,57.590179443359375,0.5019751191139221
706,636,0.07227272540330887,0.3055727481842041,58.86668395996094,0.47982192039489746
707,1056,0.11999999731779099,0.23770900070667267,60.00811767578125,0.4667103588581085
708,419,0.047613635659217834,0.3295306861400604,55.697265625,0.5246220827102661
709,1111,0.1262499988079071,0.2966187298297882,60.75981521606445,0.4576265513896942
710,957,0.10875000059604645,0.27923551201820374,56.98116683959961,0.5065577626228333
711,347,0.03943181782960892,0.3329758942127228,57.3009033203125,0.5013226270675659
712,1107,0.12579545378684998,0.2515519857406616,57.98749923706055,0.49415916204452515
713,559,0.06352272629737854,0.30219659209251404,57.26496887207031,0.5065556168556213
714,752,0.0854545459151268,0.2346881479024887,56.00979232788086,0.5201965570449829
715,1236,0.14045454561710358,0.2467016577720642,56.61927795410156,0.509023904800415
716,379,0.04306818172335625,0.32542768120765686,61.549400329589844,0.44449299573898315
717,1210,0.13750000298023224,0.21691489219665527,57.84071350097656,0.49221327900886536
718,722,0.08204545825719833,0.2526934742927551,58.96112060546875,0.47936782240867615
719,460,0.052272725850343704,0.3106415867805481,54.656578063964844,0.5324457883834839
720,1067,0.12125000357627869,0.24746815860271454,52.6707763671875,0.5616140365600586
721,499,0.05670454725623131,0.2768128216266632,60.878482818603516,0.4506850838661194
722,888,0.10090909153223038,0.29641401767730713,58.39613723754883,0.4906088411808014
723,1141,0.12965908646583557,0.23969416320323944,61.220703125,0.44945287704467773
724,330,0.03750000149011612,0.38504481315612793,52.694419860839844,0.5610679388046265
725,1335,0.1517045497894287,0.2574295401573181,59.68959426879883,0.4679783582687378
726,658,0.07477273046970367,0.28256213665008545,56.9307861328125,0.5120725035667419
727,732,0.08318182080984116,0.28772416710853577,55.05316162109375,0.5299711227416992
728,1153,0.13102272152900696,0.2341495156288147,56.55487823486328,0.5095309019088745
729,435,0.04943181946873665,0.36575227975845337,55.39902114868164,0.52105712890625
730,1142,0.12977272272109985,0.26062238216400146,57.12289810180664,0.5034332275390625
731,871,0.09897727519273758,0.2541835308074951,60.48860549926758,0.4538266956806183
732,405,0.04602272808551788,0.3646320700645447,58.50325012207031,0.4921453893184662
733,1083,0.1230681836605072,0.26948416233062744,60.466453552246094,0.4598512649536133
734,568,0.06454545259475708,0.3077681362628937,53.529380798339844,0.5435695648193359
735,847,0.09624999761581421,0.26120641827583313,58.936283111572266,0.47372087836265564
736,1197,0.13602273166179657,0.2687969505786896,56.59220886230469,0.512760579586029
737,364,0.041363637894392014,0.35990574955940247,53.87679672241211,0.5513080358505249
738,1342,0.1525000035762787,0.27730369567871094,52.54909133911133,0.5580252408981323
739,701,0.07965908944606781,0.2402612864971161,56.17021560668945,0.5174974203109741
740,564,0.06409090757369995,0.24518784880638123,56.033203125,0.5159262418746948
741,1003,0.11397727578878403,0.24522101879119873,54.88336944580078,0.5316740870475769
742,453,0.05147727206349373,0.3484068810939789,60.74382400512695,0.4546812176704407
743,979,0.11124999821186066,0.2977602481842041,60.765804290771484,0.4492236375808716
744,1053,0.11965908855199814,0.2782931923866272,56.80453109741211,0.5080261826515198
745,343,0.03897727280855179,0.30956411361694336,59.81312561035156,0.4671355187892914
746,1088,0.12363636493682861,0.24687263369560242,57.88431167602539,0.4971145689487457
747,565,0.06420454382896423,0.3038508892059326,58.88249588012695,0.47011977434158325
748,786,0.0893181785941124,0.25611424446105957,57.18783950805664,0.5064513087272644
749,1103,0.12534090876579285,0.2676398754119873,54.77547836303711,0.5342617034912109
750,405,0.04602272808551788,0.34378013014793396,57.51200485229492,0.4953303635120392
751,1150,0.1306818127632141,0.25332286953926086,53.68019104003906,0.5402228236198425
752,797,0.0905681848526001,0.2681051790714264,57.59819030761719,0.5022649765014648
753,474,0.053863637149333954,0.2756084203720093,59.25814437866211,0.47901493310928345
754,1029,0.11693181842565536,0.23174726963043213,58.24936294555664,0.4890434145927429
755,543,0.061704546213150024,0.3008485436439514,59.808807373046875,0.459969699382782
756,869,0.09875000268220901,0.25454458594322205,59.18342590332031,0.47792431712150574
757,1149,0.13056817650794983,0.30731523036956787,56.759124755859375,0.5109109282493591
758,354,0.04022727161645889,0.3189193904399872,54.954830169677734,0.5244761109352112
759,1374,0.15613636374473572,0.32444971799850464,55.40378189086914,0.5251216292381287
760,712,0.08090908825397491,0.2444216012954712,54.75590515136719,0.5331456065177917
761,693,0.07874999940395355,0.30870211124420166,55.98653793334961,0.5181379914283752
762,993,0.11284090578556061,0.22404882311820984,58.864036560058594,0.4770668148994446
763,450,0.05113636329770088,0.30494382977485657,60.39689254760742,0.45760467648506165
764,1069,0.12147727608680725,0.2726479172706604,57.590877532958984,0.49921122193336487
765,922,0.10477272421121597,0.25292572379112244,56.83696746826172,0.5076062679290771
766,405,0.04602272808551788,0.3296278119087219,56.131771087646484,0.5127689838409424
767,1075,0.12215909361839294,0.2691039443016052,56.358245849609375,0.5171986222267151
768,570,0.06477272510528564,0.26992514729499817,60.80606460571289,0.4495970606803894
769,863,0.09806818515062332,0.23931974172592163,55.653141021728516,0.5238529443740845
770,1184,0.1345454603433609,0.2479093372821808,55.082069396972656,0.5310946106910706
771,370,0.04204545542597771,0.3439069092273712,52.33191680908203,0.5636063814163208
772,1234,0.140227273106575,0.2774936258792877,56.24955749511719,0.5157278776168823
773,765,0.08693181723356247,0.24393798410892487,61.64105987548828,0.44272345304489136
774,573,0.06511363387107849,0.2574383616447449,59.046356201171875,0.47846636176109314
775,979,0.11124999821186066,0.24946895241737366,53.19776916503906,0.5570797920227051
776,499,0.05670454725623131,0.29627087712287903,58.64330291748047,0.4785171449184418
777,882,0.10022727400064468,0.24972565472126007,55.816349029541016,0.5210139751434326
778,1097,0.12465909123420715,0.24977485835552216,61.601322174072266,0.44337451457977295
779,353,0.04011363536119461,0.28952786326408386,60.96586227416992,0.4465472400188446
780,1178,0.1338636428117752,0.2817419469356537,57.76918029785156,0.4904450476169586
781,654,0.07431818544864655,0.278236985206604,59.540687561035156,0.4699050486087799
782,825,0.09375,0.29166266322135925,56.251922607421875,0.5184938311576843
783,1046,0.11886363476514816,0.23676683008670807,58.768001556396484,0.47893574833869934
784,449,0.0510227270424366,0.4460163712501526,57.86302947998047,0.4832724332809448
785,1116,0.12681818008422852,0.23031489551067352,55.65389633178711,0.5260418653488159
786,878,0.09977272897958755,0.27099308371543884,58.32902526855469,0.48659783601760864
787,434,0.049318183213472366,0.280311644077301,56.60991668701172,0.5082232356071472
788,1056,0.11999999731779099,0.23526550829410553,56.877384185791016,0.5034418106079102
789,558,0.06340909004211426,0.3098727762699127,53.36353302001953,0.5432986617088318
790,890,0.10113636404275894,0.2278435230255127,57.25093078613281,0.5046390295028687
791,1114,0.12659090757369995,0.26079902052879333,54.3894157409668,0.5384248495101929
792,362,0.04113636538386345,0.31192493438720703,52.843658447265625,0.5505074262619019
793,1280,0.145454540848732,0.26423418521881104,59.1431770324707,0.47377723455429077
794,757,0.08602272719144821,0.23296022415161133,60.62046432495117,0.45735666155815125
795,668,0.0759090930223465,0.29181188344955444,55.692161560058594,0.5177820920944214
796,1015,0.11534091085195541,0.22465871274471283,55.4138069152832,0.5200766921043396
797,485,0.05511363595724106,0.3183916211128235,56.12131118774414,0.5137385129928589
798,994,0.11295454204082489,0.2758433222770691,55.57814025878906,0.519938588142395
799,998,0.11340909451246262,0.2630273401737213,55.484249114990234,0.5232639908790588
800,401,0.045568183064460754,0.3645552098751068,52.76028823852539,0.5579280853271484
801,1016,0.1154545471072197,0.2699609696865082,59.10392761230469,0.4774903357028961
802,587,0.06670454889535904,0.27632591128349304,57.005489349365234,0.5011762976646423
803,900,0.10227272659540176,0.2860601544380188,60.59215545654297,0.4594402313232422
804,1035,0.11761363595724106,0.27106061577796936,55.046390533447266,0.5260034799575806
805,446,0.05068181827664375,0.38490578532218933,56.47282791137695,0.5096654891967773
806,1148,0.13045454025268555,0.2540881037712097,57.983062744140625,0.49010083079338074
807,826,0.09386363625526428,0.24479736387729645,59.56794357299805,0.47029373049736023
808,525,0.059659089893102646,0.22419358789920807,51.713706970214844,0.570264458656311
809,995,0.11306817829608917,0.2346765697002411,55.05766296386719,0.5311644673347473
810,513,0.05829545482993126,0.285573273897171,61.715721130371094,0.4422467052936554
811,903,0.10261363536119461,0.24813812971115112,55.73027801513672,0.5191651582717896
812,1047,0.11897727102041245,0.3418786823749542,56.31098937988281,0.5176147222518921
813,356,0.04045454412698746,0.31577497720718384,57.01821517944336,0.5035009980201721
814,1168,0.1327272653579712,0.2529258131980896,56.29942321777344,0.51164710521698
815,715,0.08124999701976776,0.2804991900920868,59.53145217895508,0.4778244197368622
816,844,0.09590908885002136,0.3509795367717743,56.84481430053711,0.505651593208313
817,1060,0.12045454233884811,0.22850050032138824,56.24151611328125,0.5198448300361633
818,510,0.05795454606413841,0.3651382625102997,60.74931335449219,0.449309378862381
819,1089,0.1237500011920929,0.27377137541770935,58.07195281982422,0.49249154329299927
820,926,0.1052272692322731,0.2826418876647949,57.234222412109375,0.503947913646698
821,433,0.049204546958208084,0.32309675216674805,59.17580032348633,0.4679221510887146
822,1018,0.11568181961774826,0.24935442209243774,57.941139221191406,0.49156469106674194
823,552,0.06272727251052856,0.23687943816184998,55.111026763916016,0.5229839086532593
824,891,0.10125000029802322,0.25886571407318115,56.197181701660156,0.5155589580535889
825,1057,0.12011363357305527,0.25267794728279114,57.54248046875,0.49465933442115784
826,406,0.046136364340782166,0.35718998312950134,58.9454460144043,0.4849228858947754
827,1182,0.13431818783283234,0.27384909987449646,55.58516311645508,0.5239081382751465
828,835,0.09488636255264282,0.24060380458831787,52.40935516357422,0.5705750584602356
829,638,0.07249999791383743,0.24445785582065582,55.68031692504883,0.518500566482544
830,995,0.11306817829608917,0.2393563687801361,59.29749298095703,0.46955418586730957
831,562,0.06386363506317139,0.3288571536540985,51.65907669067383,0.5653135180473328
832,904,0.10272727161645889,0.26108986139297485,55.15776062011719,0.5287102460861206
833,970,0.11022727191448212,0.29795709252357483,58.54362487792969,0.4871406853199005
834,392,0.044545453041791916,0.2688820958137512,55.7255744934082,0.5159404873847961
835,1067,0.12125000357627869,0.2772250473499298,54.570777893066406,0.5371294021606445
836,665,0.07556818425655365,0.2958270311355591,54.0910758972168,0.542542576789856
837,966,0.10977272689342499,0.30820924043655396,57.07563018798828,0.5010340809822083
838,970,0.11022727191448212,0.25022974610328674,61.17767333984375,0.44607850909233093
839,516,0.058636363595724106,0.35002243518829346,54.28887939453125,0.5313194394111633
840,1070,0.12159091234207153,0.25814127922058105,58.3131103515625,0.48504969477653503
841,886,0.10068181902170181,0.2760222852230072,54.74924087524414,0.5389349460601807
842,520,0.059090908616781235,0.2591661512851715,54.10877990722656,0.5371694564819336
843,1000,0.11363636702299118,0.2325821965932846,53.61308288574219,0.5499082207679749
844,570,0.06477272510528564,0.30065834522247314,57.738651275634766,0.4959740936756134
845,901,0.10238636285066605,0.24405160546302795,56.633663177490234,0.5110841393470764
846,1038,0.1179545447230339,0.3100295662879944,57.94798278808594,0.48960092663764954
847,419,0.047613635659217834,0.3765009641647339,57.738525390625,0.4970521032810211
848,1113,0.12647727131843567,0.25546491146087646,57.89878845214844,0.4952208995819092
849,794,0.09022727608680725,0.24592164158821106,57.818084716796875,0.48972204327583313
850,801,0.09102272987365723,0.3006090819835663,57.00321960449219,0.5119516253471375
851,1007,0.11443182080984116,0.2541169822216034,60.79701614379883,0.45756101608276367
852,576,0.06545454263687134,0.3653951585292816,58.32417678833008,0.4889661967754364
853,1017,0.11556818336248398,0.30928194522857666,56.360496520996094,0.5138722062110901
854,931,0.10579545795917511,0.24943789839744568,57.409034729003906,0.5001700520515442
855,427,0.04852272570133209,0.2690659165382385,51.60908508300781,0.5658098459243774
856,983,0.11170454323291779,0.30349260568618774,56.24846267700195,0.5143684148788452
857,647,0.07352272421121597,0.27238956093788147,56.40593719482422,0.507957398891449
858,950,0.10795454680919647,0.26779302954673767,56.65785217285156,0.5081023573875427
859,941,0.10693182051181793,0.2745075821876526,53.888797760009766,0.5423872470855713
860,461,0.052386362105607986,0.3376883566379547,57.111873626708984,0.5008614659309387
861,1079,0.12261363863945007,0.24623654782772064,60.19676971435547,0.462981253862381
862,818,0.09295454621315002,0.26394137740135193,50.78434753417969,0.5788124799728394
863,547,0.06215909123420715,0.3293885290622711,54.49129867553711,0.5392637848854065
864,916,0.10409090667963028,0.23317456245422363,55.5945930480957,0.5252975225448608
865,595,0.0676136389374733,0.3247148096561432,53.27970886230469,0.5565599203109741
866,886,0.10068181902170181,0.25216761231422424,54.57815170288086,0.5351350903511047
867,979,0.11124999821186066,0.3632042706012726,58.926395416259766,0.4846971333026886
868,437,0.04965909197926521,0.38714784383773804,55.089900970458984,0.5324040651321411
869,1065,0.12102272361516953,0.29192405939102173,58.429874420166016,0.48478665947914124
870,734,0.08340909332036972,0.2788550555706024,59.50347137451172,0.47366204857826233
871,963,0.10943181812763214,0.2670230269432068,56.64943313598633,0.5080970525741577
872,998,0.11340909451246262,0.22872893512248993,55.82648849487305,0.5233956575393677
873,531,0.06034090742468834,0.34410378336906433,57.191497802734375,0.5021050572395325
874,1023,0.11625000089406967,0.26172715425491333,55.20454788208008,0.5320201516151428
875,859,0.0976136326789856,0.25154414772987366,60.8538818359375,0.45425495505332947
876,509,0.05784090980887413,0.28898143768310547,55.42178726196289,0.5304580330848694
877,993,0.11284090578556061,0.2569717764854431,55.525177001953125,0.52280193567276
878,627,0.07124999910593033,0.276113361120224,52.961124420166016,0.5525155663490295
879,918,0.10431817919015884,0.27203842997550964,57.68792724609375,0.4983035624027252
880,959,0.10897727310657501,0.32409316301345825,56.31962966918945,0.5128605365753174
881,429,0.04874999821186066,0.3093824088573456,52.18046569824219,0.5647575259208679
882,1076,0.12227272987365723,0.25591304898262024,55.40598678588867,0.5238111019134521
883,852,0.09681817889213562,0.24522031843662262,57.79343032836914,0.49320167303085327
884,728,0.08272727578878403,0.3414326012134552,52.45021057128906,0.5591084957122803
885,915,0.103977270424366,0.2667260766029358,60.203800201416016,0.4625273048877716
886,618,0.07022727280855179,0.33491724729537964,58.706504821777344,0.4806322455406189
887,966,0.10977272689342499,0.2872043550014496,55.98523712158203,0.520872950553894
888,893,0.10147727280855179,0.28095996379852295,60.805503845214844,0.4519404172897339
889,437,0.04965909197926521,0.46188899874687195,55.172000885009766,0.5301824808120728
890,981,0.11147727072238922,0.32822665572166443,57.24688720703125,0.5024998188018799
891,723,0.08215909451246262,0.25629785656929016,57.791683197021484,0.4916732907295227
892,951,0.10806818306446075,0.3147447407245636,54.60671615600586,0.5365157127380371
893,987,0.11215908825397491,0.25137606263160706,57.6775016784668,0.4968239963054657
894,537,0.06102272868156433,0.34593063592910767,57.03025817871094,0.50443434715271
895,1013,0.11511363834142685,0.2586658000946045,57.994232177734375,0.4947351813316345
896,848,0.09636363387107849,0.2720206677913666,63.96984100341797,0.41322800517082214
897,548,0.062272727489471436,0.27207550406455994,57.08672332763672,0.5022492408752441
898,923,0.10488636046648026,0.2916938364505768,57.17802810668945,0.5036871433258057
899,652,0.07409090548753738,0.30364790558815,54.890281677246094,0.5342704653739929
900,946,0.10750000178813934,0.24900522828102112,59.617374420166016,0.46532776951789856
901,968,0.10999999940395355,0.3061293363571167,59.2220458984375,0.4776609539985657
902,430,0.04886363819241524,0.3377208709716797,63.3176155090332,0.4201042056083679
903,985,0.11193181574344635,0.25499826669692993,58.78265380859375,0.4774034917354584
904,801,0.09102272987365723,0.22910630702972412,57.84039306640625,0.4902026355266571
905,929,0.10556818544864655,0.3701159358024597,57.531585693359375,0.4972790479660034
906,885,0.10056818276643753,0.2679377496242523,59.48125076293945,0.468452125787735
907,616,0.07000000029802322,0.39245927333831787,59.96768569946289,0.4639087915420532
908,1056,0.11999999731779099,0.27461594343185425,61.30305862426758,0.44561710953712463
909,864,0.0981818214058876,0.2444685399532318,58.99660873413086,0.47210362553596497
910,462,0.05249999836087227,0.30028024315834045,59.179378509521484,0.47493693232536316
911,892,0.1013636365532875,0.29030779004096985,53.742591857910156,0.5465506911277771
912,683,0.07761363685131073,0.3577762246131897,55.4431037902832,0.5294024348258972
913,976,0.11090908944606781,0.3246801495552063,49.98294448852539,0.6012197136878967
914,969,0.11011363565921783,0.3108949065208435,56.6311149597168,0.5117812156677246
915,477,0.0542045459151268,0.3567535877227783,57.61394119262695,0.4890776574611664
916,960,0.1090909093618393,0.2417537122964859,61.76386260986328,0.43869972229003906
917,834,0.09477272629737854,0.2612738311290741,56.40696716308594,0.5100190043449402
918,706,0.08022727072238922,0.31786149740219116,57.81113815307617,0.4917764961719513
919,817,0.09284090995788574,0.3061974048614502,61.239959716796875,0.4441587030887604
920,623,0.0707954540848732,0.33854302763938904,56.52593231201172,0.5193277597427368
921,1037,0.11784090846776962,0.2740257978439331,55.94040298461914,0.5186484456062317
922,917,0.10420454293489456,0.2850448787212372,58.837257385253906,0.4800313413143158
923,438,0.049772728234529495,0.3273623287677765,56.286476135253906,0.5109625458717346
924,907,0.10306818038225174,0.2751598060131073,60.91734313964844,0.45169228315353394
925,733,0.08329545706510544,0.24516679346561432,57.92642593383789,0.48929083347320557
926,939,0.10670454800128937,0.37485504150390625,52.665809631347656,0.5618894100189209
927,858,0.09749999642372131,0.2442062497138977,56.72344207763672,0.5049756765365601
928,578,0.0656818151473999,0.3106687664985657,56.270198822021484,0.5113169550895691
929,996,0.11318181455135345,0.25543296337127686,57.65228271484375,0.49407872557640076
930,865,0.09829545766115189,0.2699434757232666,56.59566879272461,0.5112535953521729
931,572,0.06499999761581421,0.2925110459327698,59.39037322998047,0.47661927342414856
932,820,0.09318181872367859,0.2960678040981293,56.163291931152344,0.5187368988990784
933,687,0.07806818187236786,0.31892380118370056,56.14499282836914,0.5153384208679199
934,928,0.10545454174280167,0.286395400762558,62.630470275878906,0.43158721923828125
935,973,0.11056818068027496,0.31857848167419434,56.102630615234375,0.5191430449485779
936,479,0.054431818425655365,0.3418236970901489,56.015480041503906,0.5187349319458008
937,898,0.1020454540848732,0.2801385223865509,59.377830505371094,0.47288432717323303
938,827,0.09397727251052856,0.2876804769039154,59.54286193847656,0.4680033326148987
939,847,0.09624999761581421,0.3507915735244751,54.289451599121094,0.5385140776634216
940,778,0.08840908855199814,0.26143428683280945,55.10771179199219,0.5245844721794128
941,598,0.06795454770326614,0.33832719922065735,51.955135345458984,0.5713770389556885
942,1125,0.12784090638160706,0.2864607274532318,57.220069885253906,0.5011641979217529
943,934,0.10613636672496796,0.3235689103603363,56.28950881958008,0.5104579329490662
944,462,0.05249999836087227,0.3095448315143585,62.74294662475586,0.42587247490882874
945,780,0.0886363610625267,0.3420405089855194,57.95143127441406,0.49464333057403564
946,759,0.08624999970197678,0.26346004009246826,57.639278411865234,0.49593520164489746
947,939,0.10670454800128937,0.30248939990997314,52.8127555847168,0.5616053342819214
948,779,0.08852272480726242,0.23979587852954865,53.63933181762695,0.5462898015975952
949,561,0.0637499988079071,0.3235545754432678,60.517295837402344,0.4569535553455353
950,975,0.11079545319080353,0.22766196727752686,58.67783737182617,0.477548211812973
951,905,0.10284090787172318,0.25625044107437134,58.48444366455078,0.4814296066761017
952,704,0.07999999821186066,0.32894366979599,56.92143249511719,0.497949481010437
953,728,0.08272727578878403,0.31870970129966736,57.50794219970703,0.5020037889480591
954,619,0.07034090906381607,0.3121853768825531,57.27861404418945,0.49699079990386963
955,1046,0.11886363476514816,0.2959493100643158,51.866973876953125,0.5653203129768372
956,994,0.11295454204082489,0.29930150508880615,57.394832611083984,0.49233222007751465
957,485,0.05511363595724106,0.39301416277885437,57.58781433105469,0.501442551612854
958,751,0.08534090965986252,0.30642256140708923,53.38456726074219,0.5503391027450562
959,813,0.09238636493682861,0.30291634798049927,50.61492156982422,0.5851326584815979
960,867,0.09852273017168045,0.32203102111816406,57.68866729736328,0.5005995035171509
961,717,0.08147726953029633,0.27579402923583984,59.842987060546875,0.46762728691101074
962,593,0.06738636642694473,0.3459097146987915,55.980079650878906,0.5173751711845398
963,1005,0.11420454829931259,0.2917335629463196,57.63323211669922,0.49626824259757996
964,937,0.1064772754907608,0.3111295998096466,57.95327377319336,0.49362993240356445
965,552,0.06272727251052856,0.3622177839279175,55.75000762939453,0.5126340389251709
966,693,0.07874999940395355,0.3160591423511505,58.05104446411133,0.49395814538002014
967,674,0.07659091055393219,0.3736017048358917,55.90106964111328,0.5178958177566528
968,903,0.10261363536119461,0.30279865860939026,55.21712875366211,0.5318579077720642
969,687,0.07806818187236786,0.29120147228240967,59.39501953125,0.4723778963088989
970,533,0.0605681836605072,0.30451834201812744,60.98658752441406,0.4590778648853302
971,821,0.09329545497894287,0.28457361459732056,58.48049545288086,0.48144474625587463
972,849,0.09647727012634277,0.318985253572464,58.6126823425293,0.4834509491920471
973,690,0.0784090906381607,0.288800448179245,54.6082878112793,0.5424225926399231
974,660,0.07500000298023224,0.28412216901779175,54.52478790283203,0.5378526449203491
975,616,0.07000000029802322,0.29852384328842163,57.0281982421875,0.5049378871917725
976,972,0.11045454442501068,0.2994426190853119,53.88304901123047,0.5489129424095154
977,952,0.10818181931972504,0.33722245693206787,54.09807586669922,0.5445377230644226
978,530,0.06022727116942406,0.3908328413963318,64.50247955322266,0.4001699984073639
979,643,0.07306817919015884,0.29411426186561584,59.805580139160156,0.4656734764575958
980,781,0.08874999731779099,0.39208677411079407,58.40074920654297,0.4841611385345459
981,856,0.09727272391319275,0.31314265727996826,58.1052131652832,0.49097710847854614
982,620,0.07045454531908035,0.30499982833862305,58.839744567871094,0.4799354374408722
983,590,0.06704545766115189,0.3658250868320465,53.807369232177734,0.5428807139396667
984,769,0.0873863622546196,0.258074015378952,57.44926834106445,0.4941997528076172
985,916,0.10409090667963028,0.2851875424385071,62.26411819458008,0.43333855271339417
986,572,0.06499999761581421,0.4622823894023895,54.01266860961914,0.5403938889503479
987,613,0.06965909153223038,0.27350205183029175,53.532630920410156,0.5466338396072388
988,606,0.0688636377453804,0.2894788384437561,51.22665786743164,0.5810266137123108
989,825,0.09375,0.2989666759967804,57.6776123046875,0.4949836730957031
990,643,0.07306817919015884,0.27369463443756104,58.396522521972656,0.4849136471748352
991,537,0.06102272868156433,0.358920156955719,56.2206916809082,0.5148749351501465
992,655,0.07443182170391083,0.2935907542705536,51.0732536315918,0.575035572052002
993,758,0.0861363634467125,0.325857549905777,58.7287483215332,0.48275133967399597
994,581,0.06602272391319275,0.3025773763656616,61.1363639831543,0.4512394368648529
995,577,0.06556817889213562,0.31032830476760864,56.38167190551758,0.5147165060043335
996,606,0.0688636377453804,0.31451353430747986,53.50250244140625,0.5492981672286987
997,667,0.07579545676708221,0.39641058444976807,57.97324752807617,0.4901847243309021
998,664,0.07545454800128937,0.29920658469200134,56.59677505493164,0.5119186043739319
999,535,0.06079545617103577,0.36666855216026306,59.124359130859375,0.4864293038845062
1000,640,0.072727270424366,0.266132116317749,58.981117248535156,0.47862347960472107
1001,661,0.07511363923549652,0.27059081196784973,57.13225555419922,0.500816285610199
1002,568,0.06454545259475708,0.36249464750289917,57.17560577392578,0.49864131212234497
1003,556,0.0631818175315857,0.3281431198120117,59.88374710083008,0.4697928726673126
1004,587,0.06670454889535904,0.36102718114852905,55.85993576049805,0.5164491534233093
1005,658,0.07477273046970367,0.3422601819038391,55.92890548706055,0.5142670273780823
1006,632,0.07181818038225174,0.30417174100875854,56.57536315917969,0.5041227340698242
1007,528,0.05999999865889549,0.38259971141815186,59.821834564208984,0.46398404240608215
1008,588,0.06681818515062332,0.3043341040611267,61.12925338745117,0.4496113359928131
1009,604,0.06863636523485184,0.31025785207748413,59.727333068847656,0.4667494297027588
1010,578,0.0656818151473999,0.39959126710891724,57.17384719848633,0.5078832507133484
1011,601,0.06829545646905899,0.2862507402896881,58.58009338378906,0.4835606813430786
1012,511,0.058068182319402695,0.3404085040092468,55.35393142700195,0.5279139280319214
1013,587,0.06670454889535904,0.38998231291770935,57.832557678222656,0.4903939962387085
1014,636,0.07227272540330887,0.3254642188549042,55.47830581665039,0.522292971611023
1015,501,0.05693181976675987,0.32000532746315,57.71644973754883,0.49111208319664
1016,576,0.06545454263687134,0.2792879641056061,60.29862594604492,0.4544723331928253
1017,584,0.0663636326789856,0.2730671763420105,54.99898910522461,0.5297824740409851
1018,570,0.06477272510528564,0.3580577075481415,59.58064651489258,0.4700145125389099
1019,572,0.06499999761581421,0.27664098143577576,58.45596694946289,0.48717156052589417
1020,511,0.058068182319402695,0.33950746059417725,53.96875,0.5434877276420593
1021,542,0.06159090995788574,0.37740951776504517,53.49827575683594,0.5512744784355164
1022,540,0.06136363744735718,0.30427420139312744,54.51924514770508,0.5348425507545471
1023,538,0.06113636493682861,0.3264217972755432,57.40072250366211,0.49541351199150085
